{
    "results": {
        "tool": {
            "name": "pytest",
            "version": "8.4.1"
        },
        "summary": {
            "tests": 2,
            "passed": 2,
            "failed": 0,
            "skipped": 0,
            "pending": 0,
            "other": 0,
            "start": 1772199400.9143975,
            "stop": 1772199400.9706929
        },
        "tests": [
            {
                "name": "test_outputs.py::test_about_file",
                "status": "passed",
                "duration": 0.0008479579998947884,
                "start": 1772199400.9686139,
                "stop": 1772199400.9698324,
                "retries": 0,
                "file_path": "test_outputs.py"
            },
            {
                "name": "test_outputs.py::test_layout_file",
                "status": "passed",
                "duration": 0.0002656249999972715,
                "start": 1772199400.9699895,
                "stop": 1772199400.9703782,
                "retries": 0,
                "file_path": "test_outputs.py"
            }
        ]
    }
}